[
    {
        "country": "Abu Dhabi (not a country, but a state (an emirate) within the United Arab Emirates)",
        "tlds": [
            ".abudhabi"
        ]
    },
    {
        "country": "United Arab Emirates",
        "tlds": [
            ".ae"
        ]
    },
    {
        "country": "Afghanistan",
        "tlds": [
            ".af"
        ]
    },
    {
        "country": "\u00c5land Islands (until March 2006 still accessable at\u00a0.aland.fi)",
        "tlds": [
            ".ax"
        ]
    },
    {
        "country": "Albania",
        "tlds": [
            ".al"
        ]
    },
    {
        "country": "Algeria",
        "tlds": [
            ".dz"
        ]
    },
    {
        "country": "American Samoa",
        "tlds": [
            ".as"
        ]
    },
    {
        "country": "Andorra",
        "tlds": [
            ".ad"
        ]
    },
    {
        "country": "Angola",
        "tlds": [
            ".ao"
        ]
    },
    {
        "country": "Anguilla",
        "tlds": [
            ".ai"
        ]
    },
    {
        "country": "Antarctic",
        "tlds": [
            ".aq"
        ]
    },
    {
        "country": "Antigua and Barbuda",
        "tlds": [
            ".ag"
        ]
    },
    {
        "country": "Argentina",
        "tlds": [
            ".ar"
        ]
    },
    {
        "country": "Armenia",
        "tlds": [
            ".am"
        ]
    },
    {
        "country": "Aruba",
        "tlds": [
            ".aw"
        ]
    },
    {
        "country": "Ascension Island",
        "tlds": [
            ".ac"
        ]
    },
    {
        "country": "Australia",
        "tlds": [
            ".au"
        ]
    },
    {
        "country": "Austria",
        "tlds": [
            ".at"
        ]
    },
    {
        "country": "Azerbaijan",
        "tlds": [
            ".az"
        ]
    },
    {
        "country": "Bahamas",
        "tlds": [
            ".bs"
        ]
    },
    {
        "country": "Bahrain",
        "tlds": [
            ".bh"
        ]
    },
    {
        "country": "Bangladesh",
        "tlds": [
            ".bd"
        ]
    },
    {
        "country": "Barbados",
        "tlds": [
            ".bb"
        ]
    },
    {
        "country": "Basque Country",
        "tlds": [
            ".eus"
        ]
    },
    {
        "country": "Belarus",
        "tlds": [
            ".by"
        ]
    },
    {
        "country": "Belgium",
        "tlds": [
            ".be"
        ]
    },
    {
        "country": "Belize",
        "tlds": [
            ".bz"
        ]
    },
    {
        "country": "Benin",
        "tlds": [
            ".bj"
        ]
    },
    {
        "country": "Bermuda",
        "tlds": [
            ".bm"
        ]
    },
    {
        "country": "Bhutan",
        "tlds": [
            ".bt"
        ]
    },
    {
        "country": "Bolivia",
        "tlds": [
            ".bo"
        ]
    },
    {
        "country": "Bonaire, Saba, Sint Eustatius",
        "tlds": [
            ".bq"
        ]
    },
    {
        "country": "Netherlands Antilles (now deleted \u2013 with the 2010 political dissolution of this region as an overseas territory, the ccTLD was closed down in 2015)",
        "tlds": [
            ".an"
        ]
    },
    {
        "country": "Netherlands",
        "tlds": [
            ".nl"
        ]
    },
    {
        "country": "Bosnia and Herzegovina",
        "tlds": [
            ".ba"
        ]
    },
    {
        "country": "Botswana",
        "tlds": [
            ".bw"
        ]
    },
    {
        "country": "Bouvet Island (registration not yet possible)",
        "tlds": [
            ".bv"
        ]
    },
    {
        "country": "Brazil",
        "tlds": [
            ".br"
        ]
    },
    {
        "country": "British Indian Ocean Territory",
        "tlds": [
            ".io"
        ]
    },
    {
        "country": "Britische Virgin Islands",
        "tlds": [
            ".vg"
        ]
    },
    {
        "country": "Brunei",
        "tlds": [
            ".bn"
        ]
    },
    {
        "country": "Bulgaria",
        "tlds": [
            ".bg"
        ]
    },
    {
        "country": "Burkina\u00a0Faso",
        "tlds": [
            ".bf"
        ]
    },
    {
        "country": "Myanmar",
        "tlds": [
            ".mm"
        ]
    },
    {
        "country": "Burundi",
        "tlds": [
            ".bi"
        ]
    },
    {
        "country": "Cambodia",
        "tlds": [
            ".kh"
        ]
    },
    {
        "country": "Cameroon",
        "tlds": [
            ".cm"
        ]
    },
    {
        "country": "Canada",
        "tlds": [
            ".ca"
        ]
    },
    {
        "country": "Cape\u00a0Verde",
        "tlds": [
            ".cv"
        ]
    },
    {
        "country": "Catalonia",
        "tlds": [
            ".cat"
        ]
    },
    {
        "country": "Cayman Islands",
        "tlds": [
            ".ky"
        ]
    },
    {
        "country": "Central African Republic",
        "tlds": [
            ".cf"
        ]
    },
    {
        "country": "Chad",
        "tlds": [
            ".td"
        ]
    },
    {
        "country": "Chile",
        "tlds": [
            ".cl"
        ]
    },
    {
        "country": "China",
        "tlds": [
            ".cn"
        ]
    },
    {
        "country": "Christmas Island",
        "tlds": [
            ".cx"
        ]
    },
    {
        "country": "Cocos Islands",
        "tlds": [
            ".cc"
        ]
    },
    {
        "country": "Colombia",
        "tlds": [
            ".co"
        ]
    },
    {
        "country": "Comoros",
        "tlds": [
            ".km"
        ]
    },
    {
        "country": "Democratic Republic of the Congo",
        "tlds": [
            ".cd"
        ]
    },
    {
        "country": "Republic of the Congo",
        "tlds": [
            ".cg"
        ]
    },
    {
        "country": "Cook Islands",
        "tlds": [
            ".ck"
        ]
    },
    {
        "country": "Costa\u00a0Rica",
        "tlds": [
            ".cr"
        ]
    },
    {
        "country": "C\u00f4te d\u2019Ivoire",
        "tlds": [
            ".ci"
        ]
    },
    {
        "country": "Croatia",
        "tlds": [
            ".hr"
        ]
    },
    {
        "country": "Cuba",
        "tlds": [
            ".cu"
        ]
    },
    {
        "country": "Cura\u00e7ao",
        "tlds": [
            ".cw"
        ]
    },
    {
        "country": "Cyprus",
        "tlds": [
            ".cy"
        ]
    },
    {
        "country": "New Caledonia",
        "tlds": [
            ".nc"
        ]
    },
    {
        "country": "Turkey, Turkish Republic of Northern Cyprus",
        "tlds": [
            ".tr"
        ]
    },
    {
        "country": "Czech Republic",
        "tlds": [
            ".cz"
        ]
    },
    {
        "country": "Denmark",
        "tlds": [
            ".dk"
        ]
    },
    {
        "country": "Djibuti",
        "tlds": [
            ".dj"
        ]
    },
    {
        "country": "Dominica",
        "tlds": [
            ".dm"
        ]
    },
    {
        "country": "Dominican Republic",
        "tlds": [
            ".do"
        ]
    },
    {
        "country": "Timor-Leste (formerly\u00a0.tp)",
        "tlds": [
            ".tl"
        ]
    },
    {
        "country": "Timor-Leste (now deleted \u2013 replaced by\u00a0.tl\u00a0in 2002)",
        "tlds": [
            ".tp"
        ]
    },
    {
        "country": "Ecuador",
        "tlds": [
            ".ec"
        ]
    },
    {
        "country": "Egypt",
        "tlds": [
            ".eg"
        ]
    },
    {
        "country": "El\u00a0Salvador",
        "tlds": [
            ".sv"
        ]
    },
    {
        "country": "United Kingdom",
        "tlds": [
            ".uk"
        ]
    },
    {
        "country": "Equatorial Guinea",
        "tlds": [
            ".gq"
        ]
    },
    {
        "country": "Eritrea",
        "tlds": [
            ".er"
        ]
    },
    {
        "country": "Estonia",
        "tlds": [
            ".ee"
        ]
    },
    {
        "country": "Swaziland",
        "tlds": [
            ".sz"
        ]
    },
    {
        "country": "Ethiopia",
        "tlds": [
            ".et"
        ]
    },
    {
        "country": "European Union",
        "tlds": [
            ".eu"
        ]
    },
    {
        "country": "Faroe",
        "tlds": [
            ".fo"
        ]
    },
    {
        "country": "Falkland Islands",
        "tlds": [
            ".fk"
        ]
    },
    {
        "country": "Fiji",
        "tlds": [
            ".fj"
        ]
    },
    {
        "country": "Finland",
        "tlds": [
            ".fi"
        ]
    },
    {
        "country": "France",
        "tlds": [
            ".fr"
        ]
    },
    {
        "country": "French Guiana",
        "tlds": [
            ".gf"
        ]
    },
    {
        "country": "French Polynesia",
        "tlds": [
            ".pf"
        ]
    },
    {
        "country": "French Southern and Antarctic Lands",
        "tlds": [
            ".tf"
        ]
    },
    {
        "country": "Gabon",
        "tlds": [
            ".ga"
        ]
    },
    {
        "country": "Galicia",
        "tlds": [
            ".gal"
        ]
    },
    {
        "country": "Gambia",
        "tlds": [
            ".gm"
        ]
    },
    {
        "country": "Palestine",
        "tlds": [
            ".ps"
        ]
    },
    {
        "country": "Georgia",
        "tlds": [
            ".ge"
        ]
    },
    {
        "country": "Germany",
        "tlds": [
            ".de"
        ]
    },
    {
        "country": "Ghana",
        "tlds": [
            ".gh"
        ]
    },
    {
        "country": "Gibraltar",
        "tlds": [
            ".gi"
        ]
    },
    {
        "country": "Greece",
        "tlds": [
            ".gr"
        ]
    },
    {
        "country": "Greenland",
        "tlds": [
            ".gl"
        ]
    },
    {
        "country": "Grenada",
        "tlds": [
            ".gd"
        ]
    },
    {
        "country": "Guadeloupe",
        "tlds": [
            ".gp"
        ]
    },
    {
        "country": "Guam",
        "tlds": [
            ".gu"
        ]
    },
    {
        "country": "Guatemala",
        "tlds": [
            ".gt"
        ]
    },
    {
        "country": "Guernsey",
        "tlds": [
            ".gg"
        ]
    },
    {
        "country": "Guinea",
        "tlds": [
            ".gn"
        ]
    },
    {
        "country": "Guinea-Bissau",
        "tlds": [
            ".gw"
        ]
    },
    {
        "country": "Guyana",
        "tlds": [
            ".gy"
        ]
    },
    {
        "country": "Haiti",
        "tlds": [
            ".ht"
        ]
    },
    {
        "country": "Heard Island and McDonald Islands",
        "tlds": [
            ".hm"
        ]
    },
    {
        "country": "Honduras",
        "tlds": [
            ".hn"
        ]
    },
    {
        "country": "Hong Kong",
        "tlds": [
            ".hk"
        ]
    },
    {
        "country": "Hungary",
        "tlds": [
            ".hu"
        ]
    },
    {
        "country": "Iceland",
        "tlds": [
            ".is"
        ]
    },
    {
        "country": "India",
        "tlds": [
            ".in"
        ]
    },
    {
        "country": "Indonesia",
        "tlds": [
            ".id"
        ]
    },
    {
        "country": "Iran",
        "tlds": [
            ".ir"
        ]
    },
    {
        "country": "Iraq",
        "tlds": [
            ".iq"
        ]
    },
    {
        "country": "Ireland",
        "tlds": [
            ".ie"
        ]
    },
    {
        "country": "Isle\u00a0of\u00a0Man",
        "tlds": [
            ".im"
        ]
    },
    {
        "country": "Israel",
        "tlds": [
            ".il"
        ]
    },
    {
        "country": "Italy",
        "tlds": [
            ".it"
        ]
    },
    {
        "country": "Jamaica",
        "tlds": [
            ".jm"
        ]
    },
    {
        "country": "Japan",
        "tlds": [
            ".jp"
        ]
    },
    {
        "country": "Jersey",
        "tlds": [
            ".je"
        ]
    },
    {
        "country": "Jordan",
        "tlds": [
            ".jo"
        ]
    },
    {
        "country": "Kazakhstan",
        "tlds": [
            ".kz"
        ]
    },
    {
        "country": "Kenya",
        "tlds": [
            ".ke"
        ]
    },
    {
        "country": "Kiribati",
        "tlds": [
            ".ki"
        ]
    },
    {
        "country": "North Korea",
        "tlds": [
            ".kp"
        ]
    },
    {
        "country": "South Korea",
        "tlds": [
            ".kr"
        ]
    },
    {
        "country": "Kosovo",
        "tlds": [
            ".xk"
        ]
    },
    {
        "country": "Kuwait",
        "tlds": [
            ".kw"
        ]
    },
    {
        "country": "Kyrgyzstan",
        "tlds": [
            ".kg"
        ]
    },
    {
        "country": "Laos",
        "tlds": [
            ".la"
        ]
    },
    {
        "country": "Latvia",
        "tlds": [
            ".lv"
        ]
    },
    {
        "country": "Lebanon",
        "tlds": [
            ".lb"
        ]
    },
    {
        "country": "Lesotho",
        "tlds": [
            ".ls"
        ]
    },
    {
        "country": "Liberia",
        "tlds": [
            ".lr"
        ]
    },
    {
        "country": "Libya",
        "tlds": [
            ".ly"
        ]
    },
    {
        "country": "Liechtenstein",
        "tlds": [
            ".li"
        ]
    },
    {
        "country": "Lithuania",
        "tlds": [
            ".lt"
        ]
    },
    {
        "country": "Luxembourg",
        "tlds": [
            ".lu"
        ]
    },
    {
        "country": "Macau",
        "tlds": [
            ".mo"
        ]
    },
    {
        "country": "Macedonia",
        "tlds": [
            ".mk"
        ]
    },
    {
        "country": "Madagascar",
        "tlds": [
            ".mg"
        ]
    },
    {
        "country": "Malawi",
        "tlds": [
            ".mw"
        ]
    },
    {
        "country": "Malaysia",
        "tlds": [
            ".my"
        ]
    },
    {
        "country": "Maldives",
        "tlds": [
            ".mv"
        ]
    },
    {
        "country": "Mali",
        "tlds": [
            ".ml"
        ]
    },
    {
        "country": "Malta",
        "tlds": [
            ".mt"
        ]
    },
    {
        "country": "Marshall Islands",
        "tlds": [
            ".mh"
        ]
    },
    {
        "country": "Martinique",
        "tlds": [
            ".mq"
        ]
    },
    {
        "country": "Mauritania",
        "tlds": [
            ".mr"
        ]
    },
    {
        "country": "Mauritius",
        "tlds": [
            ".mu"
        ]
    },
    {
        "country": "Mayotte (French region \u2013 also\u00a0.fr)",
        "tlds": [
            ".yt"
        ]
    },
    {
        "country": "Mexico",
        "tlds": [
            ".mx"
        ]
    },
    {
        "country": "Micronesia",
        "tlds": [
            ".fm"
        ]
    },
    {
        "country": "Moldova",
        "tlds": [
            ".md"
        ]
    },
    {
        "country": "Monaco",
        "tlds": [
            ".mc"
        ]
    },
    {
        "country": "Mongolia",
        "tlds": [
            ".mn"
        ]
    },
    {
        "country": "Montenegro",
        "tlds": [
            ".me"
        ]
    },
    {
        "country": "Montserrat",
        "tlds": [
            ".ms"
        ]
    },
    {
        "country": "Marocco",
        "tlds": [
            ".ma"
        ]
    },
    {
        "country": "Mozambique",
        "tlds": [
            ".mz"
        ]
    },
    {
        "country": "Namibia",
        "tlds": [
            ".na"
        ]
    },
    {
        "country": "Nauru",
        "tlds": [
            ".nr"
        ]
    },
    {
        "country": "Nepal",
        "tlds": [
            ".np"
        ]
    },
    {
        "country": "New Zealand",
        "tlds": [
            ".nz"
        ]
    },
    {
        "country": "Nicaragua",
        "tlds": [
            ".ni"
        ]
    },
    {
        "country": "Niger",
        "tlds": [
            ".ne"
        ]
    },
    {
        "country": "Nigeria",
        "tlds": [
            ".ng"
        ]
    },
    {
        "country": "Niue",
        "tlds": [
            ".nu"
        ]
    },
    {
        "country": "Norfolk Island",
        "tlds": [
            ".nf"
        ]
    },
    {
        "country": "Northern Mariana Islands",
        "tlds": [
            ".mp"
        ]
    },
    {
        "country": "Norway",
        "tlds": [
            ".no"
        ]
    },
    {
        "country": "Oman",
        "tlds": [
            ".om"
        ]
    },
    {
        "country": "Pakistan",
        "tlds": [
            ".pk"
        ]
    },
    {
        "country": "Palau",
        "tlds": [
            ".pw"
        ]
    },
    {
        "country": "Panama",
        "tlds": [
            ".pa"
        ]
    },
    {
        "country": "Papua New Guinea",
        "tlds": [
            ".pg"
        ]
    },
    {
        "country": "Paraguay",
        "tlds": [
            ".py"
        ]
    },
    {
        "country": "Peru",
        "tlds": [
            ".pe"
        ]
    },
    {
        "country": "Philippines",
        "tlds": [
            ".ph"
        ]
    },
    {
        "country": "Pitcairn Islands",
        "tlds": [
            ".pn"
        ]
    },
    {
        "country": "Poland",
        "tlds": [
            ".pl"
        ]
    },
    {
        "country": "Portugal",
        "tlds": [
            ".pt"
        ]
    },
    {
        "country": "Puerto\u00a0Rico",
        "tlds": [
            ".pr"
        ]
    },
    {
        "country": "Qatar",
        "tlds": [
            ".qa"
        ]
    },
    {
        "country": "R\u00e9union",
        "tlds": [
            ".re"
        ]
    },
    {
        "country": "Romania",
        "tlds": [
            ".ro"
        ]
    },
    {
        "country": "Russia",
        "tlds": [
            ".ru"
        ]
    },
    {
        "country": "Rwanda",
        "tlds": [
            ".rw"
        ]
    },
    {
        "country": "Saint-Barth\u00e9lemy",
        "tlds": [
            ".bl"
        ]
    },
    {
        "country": "St. Helena",
        "tlds": [
            ".sh"
        ]
    },
    {
        "country": "St. Kitts and Nevis",
        "tlds": [
            ".kn"
        ]
    },
    {
        "country": "St.\u00a0Lucia",
        "tlds": [
            ".lc"
        ]
    },
    {
        "country": "Saint Martin",
        "tlds": [
            ".mf"
        ]
    },
    {
        "country": "St.\u00a0Vincent and the Grenadines",
        "tlds": [
            ".vc"
        ]
    },
    {
        "country": "Saint Pierre and Miquelon",
        "tlds": [
            ".pm"
        ]
    },
    {
        "country": "Samoa",
        "tlds": [
            ".ws"
        ]
    },
    {
        "country": "San\u00a0Marino",
        "tlds": [
            ".sm"
        ]
    },
    {
        "country": "S\u00e3o\u00a0Tom\u00e9 and Pr\u00edncipe",
        "tlds": [
            ".st"
        ]
    },
    {
        "country": "Saudi Arabia",
        "tlds": [
            ".sa"
        ]
    },
    {
        "country": "Senegal",
        "tlds": [
            ".sn"
        ]
    },
    {
        "country": "Serbia",
        "tlds": [
            ".rs"
        ]
    },
    {
        "country": "Seychelles",
        "tlds": [
            ".sc"
        ]
    },
    {
        "country": "Sierra\u00a0Leone",
        "tlds": [
            ".sl"
        ]
    },
    {
        "country": "Singapore",
        "tlds": [
            ".sg"
        ]
    },
    {
        "country": "Sint Maarten",
        "tlds": [
            ".sx"
        ]
    },
    {
        "country": "Slovakia",
        "tlds": [
            ".sk"
        ]
    },
    {
        "country": "Slovenia",
        "tlds": [
            ".si"
        ]
    },
    {
        "country": "Solomon Islands",
        "tlds": [
            ".sb"
        ]
    },
    {
        "country": "Somalia",
        "tlds": [
            ".so"
        ]
    },
    {
        "country": "South Africa",
        "tlds": [
            ".za"
        ]
    },
    {
        "country": "South Georgia and the South Sandwich Islands",
        "tlds": [
            ".gs"
        ]
    },
    {
        "country": "South Sudan",
        "tlds": [
            ".ss"
        ]
    },
    {
        "country": "Spain",
        "tlds": [
            ".es"
        ]
    },
    {
        "country": "Sri\u00a0Lanka",
        "tlds": [
            ".lk"
        ]
    },
    {
        "country": "Sudan",
        "tlds": [
            ".sd"
        ]
    },
    {
        "country": "Suriname",
        "tlds": [
            ".sr"
        ]
    },
    {
        "country": "Svalbard and Jan Mayen (registration is not yet possible)",
        "tlds": [
            ".sj"
        ]
    },
    {
        "country": "Sweden",
        "tlds": [
            ".se"
        ]
    },
    {
        "country": "Switzerland",
        "tlds": [
            ".ch"
        ]
    },
    {
        "country": "Syria",
        "tlds": [
            ".sy"
        ]
    },
    {
        "country": "Taiwan",
        "tlds": [
            ".tw"
        ]
    },
    {
        "country": "Tajikistan",
        "tlds": [
            ".tj"
        ]
    },
    {
        "country": "Tanzania",
        "tlds": [
            ".tz"
        ]
    },
    {
        "country": "Thailand",
        "tlds": [
            ".th"
        ]
    },
    {
        "country": "Togo",
        "tlds": [
            ".tg"
        ]
    },
    {
        "country": "Tokelau",
        "tlds": [
            ".tk"
        ]
    },
    {
        "country": "Tonga",
        "tlds": [
            ".to"
        ]
    },
    {
        "country": "Trinidad and Tobago",
        "tlds": [
            ".tt"
        ]
    },
    {
        "country": "Tunisia",
        "tlds": [
            ".tn"
        ]
    },
    {
        "country": "Turkmenistan",
        "tlds": [
            ".tm"
        ]
    },
    {
        "country": "Turks and Caicos Islands",
        "tlds": [
            ".tc"
        ]
    },
    {
        "country": "Tuvalu",
        "tlds": [
            ".tv"
        ]
    },
    {
        "country": "Uganda",
        "tlds": [
            ".ug"
        ]
    },
    {
        "country": "Ukraine",
        "tlds": [
            ".ua"
        ]
    },
    {
        "country": "United States",
        "tlds": [
            ".us"
        ]
    },
    {
        "country": "United States Virgin Islands",
        "tlds": [
            ".vi"
        ]
    },
    {
        "country": "Uruguay",
        "tlds": [
            ".uy"
        ]
    },
    {
        "country": "Uzbekistan",
        "tlds": [
            ".uz"
        ]
    },
    {
        "country": "Vanuatu",
        "tlds": [
            ".vu"
        ]
    },
    {
        "country": "Vatican City",
        "tlds": [
            ".va"
        ]
    },
    {
        "country": "Venezuela",
        "tlds": [
            ".ve"
        ]
    },
    {
        "country": "Vietnam",
        "tlds": [
            ".vn"
        ]
    },
    {
        "country": "Wallis and Futuna (also\u00a0.fr)",
        "tlds": [
            ".wf"
        ]
    },
    {
        "country": "Western Sahara (due to the political conflict between the countries of Western Sahara and Morocco, this is ccTLD is currently not live)",
        "tlds": [
            ".eh"
        ]
    },
    {
        "country": "Yemen",
        "tlds": [
            ".ye"
        ]
    },
    {
        "country": "Zambia",
        "tlds": [
            ".zm"
        ]
    },
    {
        "country": "Zimbabwe",
        "tlds": [
            ".zw"
        ]
    },
    {
        "country": "Czechoslovakia (now deleted)",
        "tlds": [
            ".cs"
        ]
    },
    {
        "country": "German Democratic Republic (never activated)",
        "tlds": [
            ".dd"
        ]
    },
    {
        "country": "United Kingdom (no longer in use since\u00a0.uk\u00a0became the established ccTLD)",
        "tlds": [
            ".gb"
        ]
    },
    {
        "country": "Soviet Union (this TLD has been managed by Russia since the dissolution of the USSR)",
        "tlds": [
            ".su"
        ]
    },
    {
        "country": "United States Minor Outlying Islands (now deleted)",
        "tlds": [
            ".um"
        ]
    },
    {
        "country": "Yugoslavia (now deleted \u2013 after the dissolution of the former Yugoslavia the TLD was used by Serbia and Montenegro until 2010)",
        "tlds": [
            ".yu"
        ]
    },
    {
        "country": "Zaire (now deleted \u2013 since the country was renamed in 1997, the ccTLD\u00a0.cd\u00a0has been used)",
        "tlds": [
            ".zr"
        ]
    },
    {
        "country": "International",
        "tlds": [
            ".org"
        ]
    },
    {
        "country": "International",
        "tlds": [
            ".net"
        ]
    },
    {
        "country": "International",
        "tlds": [
            ".dev"
        ]
    },
    {
        "country": "International",
        "tlds": [
            ".com"
        ]
    },
    {
        "country": "United States",
        "tlds": [
            ".edu"
        ]
    },
    {
        "country": "United States",
        "tlds": [
            ".gov"
        ]
    },
    {
        "country": "International",
        "tlds": [
            ".info"
        ]
    },
    {
        "country": "International",
        "tlds": [
            ".biz"
        ]
    },
    {
        "country": "International",
        "tlds": [
            ".xyz"
        ]
    }
]
