[
  {
    "id": 2,
    "name": "Afghanistan",
    "iso3": "AFG",
    "iso2": "AF",
    "phone_code": "+93",
    "capital": "Kabul",
    "flag_url": null,
    "is_rtl": false,
    "currency_id": 2
  },
  {
    "id": 3,
    "name": "Albania",
    "iso3": "ALB",
    "iso2": "AL",
    "phone_code": "+355",
    "capital": "Tirana",
    "flag_url": null,
    "is_rtl": false,
    "currency_id": 3
  },
  {
    "id": 4,
    "name": "Algeria",
    "iso3": "DZA",
    "iso2": "DZ",
    "phone_code": "+213",
    "capital": "Algiers",
    "flag_url": null,
    "is_rtl": true,
    "currency_id": 39
  },
  {
    "id": 5,
    "name": "American Samoa",
    "iso3": "ASM",
    "iso2": "AS",
    "phone_code": "+1-684",
    "capital": "Pago Pago",
    "flag_url": null,
    "is_rtl": false,
    "currency_id": 142
  },
  {
    "id": 6,
    "name": "Andorra",
    "iso3": "AND",
    "iso2": "AD",
    "phone_code": "+376",
    "capital": "Andorra la Vella",
    "flag_url": null,
    "is_rtl": false,
    "currency_id": 43
  },
  {
    "id": 7,
    "name": "Angola",
    "iso3": "AGO",
    "iso2": "AO",
    "phone_code": "+244",
    "capital": "Luanda",
    "flag_url": null,
    "is_rtl": false,
    "currency_id": 6
  },
  {
    "id": 8,
    "name": "Anguilla",
    "iso3": "AIA",
    "iso2": "AI",
    "phone_code": "+1-264",
    "capital": "The Valley",
    "flag_url": null,
    "is_rtl": false,
    "currency_id": 150
  },
  {
    "id": 9,
    "name": "Antarctica",
    "iso3": "ATA",
    "iso2": "AQ",
    "phone_code": null,
    "capital": null,
    "flag_url": null,
    "is_rtl": false,
    "currency_id": null
  },
  {
    "id": 10,
    "name": "Antigua and Barbuda",
    "iso3": "ATG",
    "iso2": "AG",
    "phone_code": "+1-268",
    "capital": "Saint John's",
    "flag_url": null,
    "is_rtl": false,
    "currency_id": 150
  },
  {
    "id": 11,
    "name": "Argentina",
    "iso3": "ARG",
    "iso2": "AR",
    "phone_code": "+54",
    "capital": "Buenos Aires",
    "flag_url": null,
    "is_rtl": false,
    "currency_id": 7
  },
  {
    "id": 12,
    "name": "Armenia",
    "iso3": "ARM",
    "iso2": "AM",
    "phone_code": "+374",
    "capital": "Yerevan",
    "flag_url": null,
    "is_rtl": false,
    "currency_id": 4
  },
  {
    "id": 13,
    "name": "Aruba",
    "iso3": "ABW",
    "iso2": "AW",
    "phone_code": "+297",
    "capital": "Oranjestad",
    "flag_url": null,
    "is_rtl": false,
    "currency_id": 9
  },
  {
    "id": 14,
    "name": "Australia",
    "iso3": "AUS",
    "iso2": "AU",
    "phone_code": "+61",
    "capital": "Canberra",
    "flag_url": null,
    "is_rtl": false,
    "currency_id": 8
  },
  {
    "id": 15,
    "name": "Austria",
    "iso3": "AUT",
    "iso2": "AT",
    "phone_code": "+43",
    "capital": "Vienna",
    "flag_url": null,
    "is_rtl": false,
    "currency_id": 43
  },
  {
    "id": 16,
    "name": "Azerbaijan",
    "iso3": "AZE",
    "iso2": "AZ",
    "phone_code": "+994",
    "capital": "Baku",
    "flag_url": null,
    "is_rtl": false,
    "currency_id": 10
  },
  {
    "id": 17,
    "name": "Bahamas",
    "iso3": "BHS",
    "iso2": "BS",
    "phone_code": "+1-242",
    "capital": "Nassau",
    "flag_url": null,
    "is_rtl": false,
    "currency_id": 21
  },
  {
    "id": 18,
    "name": "Bahrain",
    "iso3": "BHR",
    "iso2": "BH",
    "phone_code": "+973",
    "capital": "Manama",
    "flag_url": null,
    "is_rtl": true,
    "currency_id": 15
  },
  {
    "id": 19,
    "name": "Bangladesh",
    "iso3": "BGD",
    "iso2": "BD",
    "phone_code": "+880",
    "capital": "Dhaka",
    "flag_url": null,
    "is_rtl": false,
    "currency_id": 13
  },
  {
    "id": 20,
    "name": "Barbados",
    "iso3": "BRB",
    "iso2": "BB",
    "phone_code": "+1-246",
    "capital": "Bridgetown",
    "flag_url": null,
    "is_rtl": false,
    "currency_id": 12
  },
  {
    "id": 21,
    "name": "Belarus",
    "iso3": "BLR",
    "iso2": "BY",
    "phone_code": "+375",
    "capital": "Minsk",
    "flag_url": null,
    "is_rtl": false,
    "currency_id": 24
  },
  {
    "id": 22,
    "name": "Belgium",
    "iso3": "BEL",
    "iso2": "BE",
    "phone_code": "+32",
    "capital": "Brussels",
    "flag_url": null,
    "is_rtl": false,
    "currency_id": 43
  },
  {
    "id": 23,
    "name": "Belize",
    "iso3": "BLZ",
    "iso2": "BZ",
    "phone_code": "+501",
    "capital": "Belmopan",
    "flag_url": null,
    "is_rtl": false,
    "currency_id": 25
  },
  {
    "id": 24,
    "name": "Benin",
    "iso3": "BEN",
    "iso2": "BJ",
    "phone_code": "+229",
    "capital": "Porto-Novo",
    "flag_url": null,
    "is_rtl": false,
    "currency_id": 151
  },
  {
    "id": 25,
    "name": "Bermuda",
    "iso3": "BMU",
    "iso2": "BM",
    "phone_code": "+1-441",
    "capital": "Hamilton",
    "flag_url": null,
    "is_rtl": false,
    "currency_id": 17
  },
  {
    "id": 26,
    "name": "Bhutan",
    "iso3": "BTN",
    "iso2": "BT",
    "phone_code": "+975",
    "capital": "Thimphu",
    "flag_url": null,
    "is_rtl": false,
    "currency_id": 22
  },
  {
    "id": 27,
    "name": "Bolivia",
    "iso3": "BOL",
    "iso2": "BO",
    "phone_code": "+591",
    "capital": "Sucre",
    "flag_url": null,
    "is_rtl": false,
    "currency_id": 19
  },
  {
    "id": 28,
    "name": "Bosnia and Herzegovina",
    "iso3": "BIH",
    "iso2": "BA",
    "phone_code": "+387",
    "capital": "Sarajevo",
    "flag_url": null,
    "is_rtl": false,
    "currency_id": 11
  },
  {
    "id": 29,
    "name": "Botswana",
    "iso3": "BWA",
    "iso2": "BW",
    "phone_code": "+267",
    "capital": "Gaborone",
    "flag_url": null,
    "is_rtl": false,
    "currency_id": 23
  },
  {
    "id": 30,
    "name": "Bouvet Island",
    "iso3": "BVT",
    "iso2": "BV",
    "phone_code": null,
    "capital": null,
    "flag_url": null,
    "is_rtl": false,
    "currency_id": 100
  },
  {
    "id": 31,
    "name": "Brazil",
    "iso3": "BRA",
    "iso2": "BR",
    "phone_code": "+55",
    "capital": "Brasilia",
    "flag_url": null,
    "is_rtl": false,
    "currency_id": 20
  },
  {
    "id": 32,
    "name": "British Indian Ocean Territory",
    "iso3": "IOT",
    "iso2": "IO",
    "phone_code": "+246",
    "capital": null,
    "flag_url": null,
    "is_rtl": false,
    "currency_id": 142
  },
  {
    "id": 33,
    "name": "Brunei",
    "iso3": "BRN",
    "iso2": "BN",
    "phone_code": "+673",
    "capital": "Bandar Seri Begawan",
    "flag_url": null,
    "is_rtl": false,
    "currency_id": 18
  },
  {
    "id": 34,
    "name": "Bulgaria",
    "iso3": "BGR",
    "iso2": "BG",
    "phone_code": "+359",
    "capital": "Sofia",
    "flag_url": null,
    "is_rtl": false,
    "currency_id": 14
  },
  {
    "id": 35,
    "name": "Burkina Faso",
    "iso3": "BFA",
    "iso2": "BF",
    "phone_code": "+226",
    "capital": "Ouagadougou",
    "flag_url": null,
    "is_rtl": false,
    "currency_id": 151
  },
  {
    "id": 36,
    "name": "Burundi",
    "iso3": "BDI",
    "iso2": "BI",
    "phone_code": "+257",
    "capital": "Gitega",
    "flag_url": null,
    "is_rtl": false,
    "currency_id": 16
  },
  {
    "id": 37,
    "name": "Cambodia",
    "iso3": "KHM",
    "iso2": "KH",
    "phone_code": "+855",
    "capital": "Phnom Penh",
    "flag_url": null,
    "is_rtl": false,
    "currency_id": 70
  },
  {
    "id": 38,
    "name": "Cameroon",
    "iso3": "CMR",
    "iso2": "CM",
    "phone_code": "+237",
    "capital": "Yaoundé",
    "flag_url": null,
    "is_rtl": false,
    "currency_id": 149
  },
  {
    "id": 39,
    "name": "Canada",
    "iso3": "CAN",
    "iso2": "CA",
    "phone_code": "+1",
    "capital": "Ottawa",
    "flag_url": null,
    "is_rtl": false,
    "currency_id": 26
  },
  {
    "id": 40,
    "name": "Cape Verde",
    "iso3": "CPV",
    "iso2": "CV",
    "phone_code": "+238",
    "capital": "Praia",
    "flag_url": null,
    "is_rtl": false,
    "currency_id": 34
  },
  {
    "id": 41,
    "name": "Cayman Islands",
    "iso3": "CYM",
    "iso2": "KY",
    "phone_code": "+1-345",
    "capital": "George Town",
    "flag_url": null,
    "is_rtl": false,
    "currency_id": 75
  },
  {
    "id": 42,
    "name": "Central African Republic",
    "iso3": "CAF",
    "iso2": "CF",
    "phone_code": "+236",
    "capital": "Bangui",
    "flag_url": null,
    "is_rtl": false,
    "currency_id": 149
  },
  {
    "id": 43,
    "name": "Chad",
    "iso3": "TCD",
    "iso2": "TD",
    "phone_code": "+235",
    "capital": "N'Djamena",
    "flag_url": null,
    "is_rtl": false,
    "currency_id": 149
  },
  {
    "id": 44,
    "name": "Chile",
    "iso3": "CHL",
    "iso2": "CL",
    "phone_code": "+56",
    "capital": "Santiago",
    "flag_url": null,
    "is_rtl": false,
    "currency_id": 29
  },
  {
    "id": 45,
    "name": "China",
    "iso3": "CHN",
    "iso2": "CN",
    "phone_code": "+86",
    "capital": "Beijing",
    "flag_url": null,
    "is_rtl": false,
    "currency_id": 30
  },
  {
    "id": 46,
    "name": "Christmas Island",
    "iso3": "CXR",
    "iso2": "CX",
    "phone_code": "+61",
    "capital": "Flying Fish Cove",
    "flag_url": null,
    "is_rtl": false,
    "currency_id": 8
  },
  {
    "id": 47,
    "name": "Cocos Islands",
    "iso3": "CCK",
    "iso2": "CC",
    "phone_code": "+61",
    "capital": "West Island",
    "flag_url": null,
    "is_rtl": false,
    "currency_id": 8
  },
  {
    "id": 48,
    "name": "Colombia",
    "iso3": "COL",
    "iso2": "CO",
    "phone_code": "+57",
    "capital": "Bogotá",
    "flag_url": null,
    "is_rtl": false,
    "currency_id": 31
  },
  {
    "id": 49,
    "name": "Comoros",
    "iso3": "COM",
    "iso2": "KM",
    "phone_code": "+269",
    "capital": "Moroni",
    "flag_url": null,
    "is_rtl": true,
    "currency_id": 71
  },
  {
    "id": 50,
    "name": "Congo",
    "iso3": "COG",
    "iso2": "CG",
    "phone_code": "+242",
    "capital": "Brazzaville",
    "flag_url": null,
    "is_rtl": false,
    "currency_id": 149
  },
  {
    "id": 51,
    "name": "'Congo (Democratic Republic"
  },
  {
    "id": 52,
    "name": "Cook Islands",
    "iso3": "COK",
    "iso2": "CK",
    "phone_code": "+682",
    "capital": "Avarua",
    "flag_url": null,
    "is_rtl": false,
    "currency_id": 102
  },
  {
    "id": 53,
    "name": "Costa Rica",
    "iso3": "CRI",
    "iso2": "CR",
    "phone_code": "+506",
    "capital": "San José",
    "flag_url": null,
    "is_rtl": false,
    "currency_id": 32
  },
  {
    "id": 54,
    "name": "Croatia",
    "iso3": "HRV",
    "iso2": "HR",
    "phone_code": "+385",
    "capital": "Zagreb",
    "flag_url": null,
    "is_rtl": false,
    "currency_id": 43
  },
  {
    "id": 55,
    "name": "Cuba",
    "iso3": "CUB",
    "iso2": "CU",
    "phone_code": "+53",
    "capital": "Havana",
    "flag_url": null,
    "is_rtl": false,
    "currency_id": 33
  },
  {
    "id": 56,
    "name": "Curaçao",
    "iso3": "CUW",
    "iso2": "CW",
    "phone_code": "+599",
    "capital": "Willemstad",
    "flag_url": null,
    "is_rtl": false,
    "currency_id": 5
  },
  {
    "id": 57,
    "name": "Cyprus",
    "iso3": "CYP",
    "iso2": "CY",
    "phone_code": "+357",
    "capital": "Nicosia",
    "flag_url": null,
    "is_rtl": false,
    "currency_id": 43
  },
  {
    "id": 58,
    "name": "Czech Republic",
    "iso3": "CZE",
    "iso2": "CZ",
    "phone_code": "+420",
    "capital": "Prague",
    "flag_url": null,
    "is_rtl": false,
    "currency_id": 35
  },
  {
    "id": 59,
    "name": "Côte d'Ivoire",
    "iso3": "CIV",
    "iso2": "CI",
    "phone_code": "+225",
    "capital": "Yamoussoukro",
    "flag_url": null,
    "is_rtl": false,
    "currency_id": 151
  },
  {
    "id": 60,
    "name": "Denmark",
    "iso3": "DNK",
    "iso2": "DK",
    "phone_code": "+45",
    "capital": "Copenhagen",
    "flag_url": null,
    "is_rtl": false,
    "currency_id": 37
  },
  {
    "id": 61,
    "name": "Djibouti",
    "iso3": "DJI",
    "iso2": "DJ",
    "phone_code": "+253",
    "capital": "Djibouti",
    "flag_url": null,
    "is_rtl": true,
    "currency_id": 36
  },
  {
    "id": 62,
    "name": "Dominica",
    "iso3": "DMA",
    "iso2": "DM",
    "phone_code": "+1-767",
    "capital": "Roseau",
    "flag_url": null,
    "is_rtl": false,
    "currency_id": 150
  },
  {
    "id": 63,
    "name": "Dominican Republic",
    "iso3": "DOM",
    "iso2": "DO",
    "phone_code": "+1-809",
    "capital": "Santo Domingo",
    "flag_url": null,
    "is_rtl": false,
    "currency_id": 38
  },
  {
    "id": 64,
    "name": "Ecuador",
    "iso3": "ECU",
    "iso2": "EC",
    "phone_code": "+593",
    "capital": "Quito",
    "flag_url": null,
    "is_rtl": false,
    "currency_id": 142
  },
  {
    "id": 65,
    "name": "Egypt",
    "iso3": "EGY",
    "iso2": "EG",
    "phone_code": "+20",
    "capital": "Cairo",
    "flag_url": null,
    "is_rtl": true,
    "currency_id": 40
  },
  {
    "id": 66,
    "name": "El Salvador",
    "iso3": "SLV",
    "iso2": "SV",
    "phone_code": "+503",
    "capital": "San Salvador",
    "flag_url": null,
    "is_rtl": false,
    "currency_id": 142
  },
  {
    "id": 67,
    "name": "Equatorial Guinea",
    "iso3": "GNQ",
    "iso2": "GQ",
    "phone_code": "+240",
    "capital": "Malabo",
    "flag_url": null,
    "is_rtl": false,
    "currency_id": 149
  },
  {
    "id": 68,
    "name": "Eritrea",
    "iso3": "ERI",
    "iso2": "ER",
    "phone_code": "+291",
    "capital": "Asmara",
    "flag_url": null,
    "is_rtl": false,
    "currency_id": 41
  },
  {
    "id": 69,
    "name": "Estonia",
    "iso3": "EST",
    "iso2": "EE",
    "phone_code": "+372",
    "capital": "Tallinn",
    "flag_url": null,
    "is_rtl": false,
    "currency_id": 43
  },
  {
    "id": 70,
    "name": "Eswatini",
    "iso3": "SWZ",
    "iso2": "SZ",
    "phone_code": "+268",
    "capital": "Mbabane",
    "flag_url": null,
    "is_rtl": false,
    "currency_id": 130
  },
  {
    "id": 71,
    "name": "Ethiopia",
    "iso3": "ETH",
    "iso2": "ET",
    "phone_code": "+251",
    "capital": "Addis Ababa",
    "flag_url": null,
    "is_rtl": false,
    "currency_id": 42
  },
  {
    "id": 72,
    "name": "Falkland Islands",
    "iso3": "FLK",
    "iso2": "FK",
    "phone_code": "+500",
    "capital": "Stanley",
    "flag_url": null,
    "is_rtl": false,
    "currency_id": 45
  },
  {
    "id": 73,
    "name": "Faroe Islands",
    "iso3": "FRO",
    "iso2": "FO",
    "phone_code": "+298",
    "capital": "Tórshavn",
    "flag_url": null,
    "is_rtl": false,
    "currency_id": 37
  },
  {
    "id": 74,
    "name": "Fiji",
    "iso3": "FJI",
    "iso2": "FJ",
    "phone_code": "+679",
    "capital": "Suva",
    "flag_url": null,
    "is_rtl": false,
    "currency_id": 44
  },
  {
    "id": 75,
    "name": "Finland",
    "iso3": "FIN",
    "iso2": "FI",
    "phone_code": "+358",
    "capital": "Helsinki",
    "flag_url": null,
    "is_rtl": false,
    "currency_id": 43
  },
  {
    "id": 76,
    "name": "France",
    "iso3": "FRA",
    "iso2": "FR",
    "phone_code": "+33",
    "capital": "Paris",
    "flag_url": null,
    "is_rtl": false,
    "currency_id": 43
  },
  {
    "id": 77,
    "name": "French Guiana",
    "iso3": "GUF",
    "iso2": "GF",
    "phone_code": "+594",
    "capital": "Cayenne",
    "flag_url": null,
    "is_rtl": false,
    "currency_id": 43
  },
  {
    "id": 78,
    "name": "French Polynesia",
    "iso3": "PYF",
    "iso2": "PF",
    "phone_code": "+689",
    "capital": "Papeete",
    "flag_url": null,
    "is_rtl": false,
    "currency_id": 152
  },
  {
    "id": 79,
    "name": "French Southern Territories",
    "iso3": "ATF",
    "iso2": "TF",
    "phone_code": null,
    "capital": "Port-aux-Français",
    "flag_url": null,
    "is_rtl": false,
    "currency_id": 43
  },
  {
    "id": 80,
    "name": "Gabon",
    "iso3": "GAB",
    "iso2": "GA",
    "phone_code": "+241",
    "capital": "Libreville",
    "flag_url": null,
    "is_rtl": false,
    "currency_id": 149
  },
  {
    "id": 81,
    "name": "Gambia",
    "iso3": "GMB",
    "iso2": "GM",
    "phone_code": "+220",
    "capital": "Banjul",
    "flag_url": null,
    "is_rtl": false,
    "currency_id": 50
  },
  {
    "id": 82,
    "name": "Georgia",
    "iso3": "GEO",
    "iso2": "GE",
    "phone_code": "+995",
    "capital": "Tbilisi",
    "flag_url": null,
    "is_rtl": false,
    "currency_id": 47
  },
  {
    "id": 83,
    "name": "Germany",
    "iso3": "DEU",
    "iso2": "DE",
    "phone_code": "+49",
    "capital": "Berlin",
    "flag_url": null,
    "is_rtl": false,
    "currency_id": 43
  },
  {
    "id": 84,
    "name": "Ghana",
    "iso3": "GHA",
    "iso2": "GH",
    "phone_code": "+233",
    "capital": "Accra",
    "flag_url": null,
    "is_rtl": false,
    "currency_id": 48
  },
  {
    "id": 85,
    "name": "Gibraltar",
    "iso3": "GIB",
    "iso2": "GI",
    "phone_code": "+350",
    "capital": "Gibraltar",
    "flag_url": null,
    "is_rtl": false,
    "currency_id": 49
  },
  {
    "id": 86,
    "name": "Greece",
    "iso3": "GRC",
    "iso2": "GR",
    "phone_code": "+30",
    "capital": "Athens",
    "flag_url": null,
    "is_rtl": false,
    "currency_id": 43
  },
  {
    "id": 87,
    "name": "Greenland",
    "iso3": "GRL",
    "iso2": "GL",
    "phone_code": "+299",
    "capital": "Nuuk",
    "flag_url": null,
    "is_rtl": false,
    "currency_id": 37
  },
  {
    "id": 88,
    "name": "Grenada",
    "iso3": "GRD",
    "iso2": "GD",
    "phone_code": "+1-473",
    "capital": "Saint George's",
    "flag_url": null,
    "is_rtl": false,
    "currency_id": 150
  },
  {
    "id": 89,
    "name": "Guadeloupe",
    "iso3": "GLP",
    "iso2": "GP",
    "phone_code": "+590",
    "capital": "Basse-Terre",
    "flag_url": null,
    "is_rtl": false,
    "currency_id": 43
  },
  {
    "id": 90,
    "name": "Guam",
    "iso3": "GUM",
    "iso2": "GU",
    "phone_code": "+1-671",
    "capital": "Hagåtña",
    "flag_url": null,
    "is_rtl": false,
    "currency_id": 142
  },
  {
    "id": 91,
    "name": "Guatemala",
    "iso3": "GTM",
    "iso2": "GT",
    "phone_code": "+502",
    "capital": "Guatemala City",
    "flag_url": null,
    "is_rtl": false,
    "currency_id": 52
  },
  {
    "id": 92,
    "name": "Guernsey",
    "iso3": "GGY",
    "iso2": "GG",
    "phone_code": "+44-1481",
    "capital": "Saint Peter Port",
    "flag_url": null,
    "is_rtl": false,
    "currency_id": 46
  },
  {
    "id": 93,
    "name": "Guinea",
    "iso3": "GIN",
    "iso2": "GN",
    "phone_code": "+224",
    "capital": "Conakry",
    "flag_url": null,
    "is_rtl": false,
    "currency_id": 51
  },
  {
    "id": 94,
    "name": "Guinea-Bissau",
    "iso3": "GNB",
    "iso2": "GW",
    "phone_code": "+245",
    "capital": "Bissau",
    "flag_url": null,
    "is_rtl": false,
    "currency_id": 151
  },
  {
    "id": 95,
    "name": "Guyana",
    "iso3": "GUY",
    "iso2": "GY",
    "phone_code": "+592",
    "capital": "Georgetown",
    "flag_url": null,
    "is_rtl": false,
    "currency_id": 53
  },
  {
    "id": 96,
    "name": "Haiti",
    "iso3": "HTI",
    "iso2": "HT",
    "phone_code": "+509",
    "capital": "Port-au-Prince",
    "flag_url": null,
    "is_rtl": false,
    "currency_id": 57
  },
  {
    "id": 97,
    "name": "Heard Island and McDonald Islands",
    "iso3": "HMD",
    "iso2": "HM",
    "phone_code": null,
    "capital": null,
    "flag_url": null,
    "is_rtl": false,
    "currency_id": 8
  },
  {
    "id": 98,
    "name": "Holy See",
    "iso3": "VAT",
    "iso2": "VA",
    "phone_code": "+379",
    "capital": "Vatican City",
    "flag_url": null,
    "is_rtl": false,
    "currency_id": 43
  },
  {
    "id": 99,
    "name": "Honduras",
    "iso3": "HND",
    "iso2": "HN",
    "phone_code": "+504",
    "capital": "Tegucigalpa",
    "flag_url": null,
    "is_rtl": false,
    "currency_id": 55
  },
  {
    "id": 100,
    "name": "Hong Kong",
    "iso3": "HKG",
    "iso2": "HK",
    "phone_code": "+852",
    "capital": "Hong Kong",
    "flag_url": null,
    "is_rtl": false,
    "currency_id": 54
  },
  {
    "id": 101,
    "name": "Hungary",
    "iso3": "HUN",
    "iso2": "HU",
    "phone_code": "+36",
    "capital": "Budapest",
    "flag_url": null,
    "is_rtl": false,
    "currency_id": 58
  },
  {
    "id": 102,
    "name": "Iceland",
    "iso3": "ISL",
    "iso2": "IS",
    "phone_code": "+354",
    "capital": "Reykjavik",
    "flag_url": null,
    "is_rtl": false,
    "currency_id": 64
  },
  {
    "id": 103,
    "name": "India",
    "iso3": "IND",
    "iso2": "IN",
    "phone_code": "+91",
    "capital": "New Delhi",
    "flag_url": null,
    "is_rtl": false,
    "currency_id": 61
  },
  {
    "id": 104,
    "name": "Indonesia",
    "iso3": "IDN",
    "iso2": "ID",
    "phone_code": "+62",
    "capital": "Jakarta",
    "flag_url": null,
    "is_rtl": false,
    "currency_id": 59
  },
  {
    "id": 105,
    "name": "Iran",
    "iso3": "IRN",
    "iso2": "IR",
    "phone_code": "+98",
    "capital": "Tehran",
    "flag_url": null,
    "is_rtl": true,
    "currency_id": 63
  },
  {
    "id": 106,
    "name": "Iraq",
    "iso3": "IRQ",
    "iso2": "IQ",
    "phone_code": "+964",
    "capital": "Baghdad",
    "flag_url": null,
    "is_rtl": true,
    "currency_id": 62
  },
  {
    "id": 107,
    "name": "Ireland",
    "iso3": "IRL",
    "iso2": "IE",
    "phone_code": "+353",
    "capital": "Dublin",
    "flag_url": null,
    "is_rtl": false,
    "currency_id": 43
  },
  {
    "id": 108,
    "name": "Isle of Man",
    "iso3": "IMN",
    "iso2": "IM",
    "phone_code": "+44-1624",
    "capital": "Douglas",
    "flag_url": null,
    "is_rtl": false,
    "currency_id": 46
  },
  {
    "id": 109,
    "name": "Israel",
    "iso3": "ISR",
    "iso2": "IL",
    "phone_code": "+972",
    "capital": "Jerusalem",
    "flag_url": null,
    "is_rtl": true,
    "currency_id": 60
  },
  {
    "id": 110,
    "name": "Italy",
    "iso3": "ITA",
    "iso2": "IT",
    "phone_code": "+39",
    "capital": "Rome",
    "flag_url": null,
    "is_rtl": false,
    "currency_id": 43
  },
  {
    "id": 111,
    "name": "Jamaica",
    "iso3": "JAM",
    "iso2": "JM",
    "phone_code": "+1-876",
    "capital": "Kingston",
    "flag_url": null,
    "is_rtl": false,
    "currency_id": 65
  },
  {
    "id": 112,
    "name": "Japan",
    "iso3": "JPN",
    "iso2": "JP",
    "phone_code": "+81",
    "capital": "Tokyo",
    "flag_url": null,
    "is_rtl": false,
    "currency_id": 67
  },
  {
    "id": 113,
    "name": "Jersey",
    "iso3": "JEY",
    "iso2": "JE",
    "phone_code": "+44-1534",
    "capital": "Saint Helier",
    "flag_url": null,
    "is_rtl": false,
    "currency_id": 46
  },
  {
    "id": 114,
    "name": "Jordan",
    "iso3": "JOR",
    "iso2": "JO",
    "phone_code": "+962",
    "capital": "Amman",
    "flag_url": null,
    "is_rtl": true,
    "currency_id": 66
  },
  {
    "id": 115,
    "name": "Kazakhstan",
    "iso3": "KAZ",
    "iso2": "KZ",
    "phone_code": "+7",
    "capital": "Nur-Sultan",
    "flag_url": null,
    "is_rtl": false,
    "currency_id": 76
  },
  {
    "id": 116,
    "name": "Kenya",
    "iso3": "KEN",
    "iso2": "KE",
    "phone_code": "+254",
    "capital": "Nairobi",
    "flag_url": null,
    "is_rtl": false,
    "currency_id": 68
  },
  {
    "id": 117,
    "name": "Kiribati",
    "iso3": "KIR",
    "iso2": "KI",
    "phone_code": "+686",
    "capital": "South Tarawa",
    "flag_url": null,
    "is_rtl": false,
    "currency_id": 8
  },
  {
    "id": 118,
    "name": "'Korea (North"
  },
  {
    "id": 119,
    "name": "'Korea (South"
  },
  {
    "id": 120,
    "name": "Kuwait",
    "iso3": "KWT",
    "iso2": "KW",
    "phone_code": "+965",
    "capital": "Kuwait City",
    "flag_url": null,
    "is_rtl": true,
    "currency_id": 74
  },
  {
    "id": 121,
    "name": "Kyrgyzstan",
    "iso3": "KGZ",
    "iso2": "KG",
    "phone_code": "+996",
    "capital": "Bishkek",
    "flag_url": null,
    "is_rtl": false,
    "currency_id": 69
  },
  {
    "id": 122,
    "name": "Laos",
    "iso3": "LAO",
    "iso2": "LA",
    "phone_code": "+856",
    "capital": "Vientiane",
    "flag_url": null,
    "is_rtl": false,
    "currency_id": 77
  },
  {
    "id": 123,
    "name": "Latvia",
    "iso3": "LVA",
    "iso2": "LV",
    "phone_code": "+371",
    "capital": "Riga",
    "flag_url": null,
    "is_rtl": false,
    "currency_id": 43
  },
  {
    "id": 124,
    "name": "Lebanon",
    "iso3": "LBN",
    "iso2": "LB",
    "phone_code": "+961",
    "capital": "Beirut",
    "flag_url": null,
    "is_rtl": true,
    "currency_id": 78
  },
  {
    "id": 125,
    "name": "Lesotho",
    "iso3": "LSO",
    "iso2": "LS",
    "phone_code": "+266",
    "capital": "Maseru",
    "flag_url": null,
    "is_rtl": false,
    "currency_id": 81
  },
  {
    "id": 126,
    "name": "Liberia",
    "iso3": "LBR",
    "iso2": "LR",
    "phone_code": "+231",
    "capital": "Monrovia",
    "flag_url": null,
    "is_rtl": false,
    "currency_id": 80
  },
  {
    "id": 127,
    "name": "Libya",
    "iso3": "LBY",
    "iso2": "LY",
    "phone_code": "+218",
    "capital": "Tripoli",
    "flag_url": null,
    "is_rtl": true,
    "currency_id": 82
  },
  {
    "id": 128,
    "name": "Liechtenstein",
    "iso3": "LIE",
    "iso2": "LI",
    "phone_code": "+423",
    "capital": "Vaduz",
    "flag_url": null,
    "is_rtl": false,
    "currency_id": 28
  },
  {
    "id": 129,
    "name": "Lithuania",
    "iso3": "LTU",
    "iso2": "LT",
    "phone_code": "+370",
    "capital": "Vilnius",
    "flag_url": null,
    "is_rtl": false,
    "currency_id": 43
  },
  {
    "id": 130,
    "name": "Luxembourg",
    "iso3": "LUX",
    "iso2": "LU",
    "phone_code": "+352",
    "capital": "Luxembourg",
    "flag_url": null,
    "is_rtl": false,
    "currency_id": 43
  },
  {
    "id": 131,
    "name": "Macao",
    "iso3": "MAC",
    "iso2": "MO",
    "phone_code": "+853",
    "capital": "Macao",
    "flag_url": null,
    "is_rtl": false,
    "currency_id": 89
  },
  {
    "id": 132,
    "name": "Madagascar",
    "iso3": "MDG",
    "iso2": "MG",
    "phone_code": "+261",
    "capital": "Antananarivo",
    "flag_url": null,
    "is_rtl": false,
    "currency_id": 85
  },
  {
    "id": 133,
    "name": "Malawi",
    "iso3": "MWI",
    "iso2": "MW",
    "phone_code": "+265",
    "capital": "Lilongwe",
    "flag_url": null,
    "is_rtl": false,
    "currency_id": 93
  },
  {
    "id": 134,
    "name": "Malaysia",
    "iso3": "MYS",
    "iso2": "MY",
    "phone_code": "+60",
    "capital": "Kuala Lumpur",
    "flag_url": null,
    "is_rtl": false,
    "currency_id": 95
  },
  {
    "id": 135,
    "name": "Maldives",
    "iso3": "MDV",
    "iso2": "MV",
    "phone_code": "+960",
    "capital": "Malé",
    "flag_url": null,
    "is_rtl": true,
    "currency_id": 92
  },
  {
    "id": 136,
    "name": "Mali",
    "iso3": "MLI",
    "iso2": "ML",
    "phone_code": "+223",
    "capital": "Bamako",
    "flag_url": null,
    "is_rtl": false,
    "currency_id": 151
  },
  {
    "id": 137,
    "name": "Malta",
    "iso3": "MLT",
    "iso2": "MT",
    "phone_code": "+356",
    "capital": "Valletta",
    "flag_url": null,
    "is_rtl": false,
    "currency_id": 43
  },
  {
    "id": 138,
    "name": "Marshall Islands",
    "iso3": "MHL",
    "iso2": "MH",
    "phone_code": "+692",
    "capital": "Majuro",
    "flag_url": null,
    "is_rtl": false,
    "currency_id": 142
  },
  {
    "id": 139,
    "name": "Martinique",
    "iso3": "MTQ",
    "iso2": "MQ",
    "phone_code": "+596",
    "capital": "Fort-de-France",
    "flag_url": null,
    "is_rtl": false,
    "currency_id": 43
  },
  {
    "id": 140,
    "name": "Mauritania",
    "iso3": "MRT",
    "iso2": "MR",
    "phone_code": "+222",
    "capital": "Nouakchott",
    "flag_url": null,
    "is_rtl": true,
    "currency_id": 90
  },
  {
    "id": 141,
    "name": "Mauritius",
    "iso3": "MUS",
    "iso2": "MU",
    "phone_code": "+230",
    "capital": "Port Louis",
    "flag_url": null,
    "is_rtl": false,
    "currency_id": 91
  },
  {
    "id": 142,
    "name": "Mayotte",
    "iso3": "MYT",
    "iso2": "YT",
    "phone_code": "+262",
    "capital": "Mamoudzou",
    "flag_url": null,
    "is_rtl": false,
    "currency_id": 43
  },
  {
    "id": 143,
    "name": "Mexico",
    "iso3": "MEX",
    "iso2": "MX",
    "phone_code": "+52",
    "capital": "Mexico City",
    "flag_url": null,
    "is_rtl": false,
    "currency_id": 94
  },
  {
    "id": 144,
    "name": "Micronesia",
    "iso3": "FSM",
    "iso2": "FM",
    "phone_code": "+691",
    "capital": "Palikir",
    "flag_url": null,
    "is_rtl": false,
    "currency_id": 142
  },
  {
    "id": 145,
    "name": "Moldova",
    "iso3": "MDA",
    "iso2": "MD",
    "phone_code": "+373",
    "capital": "Chișinău",
    "flag_url": null,
    "is_rtl": false,
    "currency_id": 84
  },
  {
    "id": 146,
    "name": "Monaco",
    "iso3": "MCO",
    "iso2": "MC",
    "phone_code": "+377",
    "capital": "Monaco",
    "flag_url": null,
    "is_rtl": false,
    "currency_id": 43
  },
  {
    "id": 147,
    "name": "Mongolia",
    "iso3": "MNG",
    "iso2": "MN",
    "phone_code": "+976",
    "capital": "Ulaanbaatar",
    "flag_url": null,
    "is_rtl": false,
    "currency_id": 88
  },
  {
    "id": 148,
    "name": "Montenegro",
    "iso3": "MNE",
    "iso2": "ME",
    "phone_code": "+382",
    "capital": "Podgorica",
    "flag_url": null,
    "is_rtl": false,
    "currency_id": 43
  },
  {
    "id": 149,
    "name": "Montserrat",
    "iso3": "MSR",
    "iso2": "MS",
    "phone_code": "+1-664",
    "capital": "Plymouth",
    "flag_url": null,
    "is_rtl": false,
    "currency_id": 150
  },
  {
    "id": 150,
    "name": "Morocco",
    "iso3": "MAR",
    "iso2": "MA",
    "phone_code": "+212",
    "capital": "Rabat",
    "flag_url": null,
    "is_rtl": true,
    "currency_id": 83
  },
  {
    "id": 151,
    "name": "Mozambique",
    "iso3": "MOZ",
    "iso2": "MZ",
    "phone_code": "+258",
    "capital": "Maputo",
    "flag_url": null,
    "is_rtl": false,
    "currency_id": 96
  },
  {
    "id": 152,
    "name": "Myanmar",
    "iso3": "MMR",
    "iso2": "MM",
    "phone_code": "+95",
    "capital": "Naypyidaw",
    "flag_url": null,
    "is_rtl": false,
    "currency_id": 87
  },
  {
    "id": 153,
    "name": "Namibia",
    "iso3": "NAM",
    "iso2": "NA",
    "phone_code": "+264",
    "capital": "Windhoek",
    "flag_url": null,
    "is_rtl": false,
    "currency_id": 97
  },
  {
    "id": 154,
    "name": "Nauru",
    "iso3": "NRU",
    "iso2": "NR",
    "phone_code": "+674",
    "capital": "Yaren",
    "flag_url": null,
    "is_rtl": false,
    "currency_id": 8
  },
  {
    "id": 155,
    "name": "Nepal",
    "iso3": "NPL",
    "iso2": "NP",
    "phone_code": "+977",
    "capital": "Kathmandu",
    "flag_url": null,
    "is_rtl": false,
    "currency_id": 101
  },
  {
    "id": 156,
    "name": "Netherlands",
    "iso3": "NLD",
    "iso2": "NL",
    "phone_code": "+31",
    "capital": "Amsterdam",
    "flag_url": null,
    "is_rtl": false,
    "currency_id": 43
  },
  {
    "id": 157,
    "name": "New Caledonia",
    "iso3": "NCL",
    "iso2": "NC",
    "phone_code": "+687",
    "capital": "Nouméa",
    "flag_url": null,
    "is_rtl": false,
    "currency_id": 152
  },
  {
    "id": 158,
    "name": "New Zealand",
    "iso3": "NZL",
    "iso2": "NZ",
    "phone_code": "+64",
    "capital": "Wellington",
    "flag_url": null,
    "is_rtl": false,
    "currency_id": 102
  },
  {
    "id": 159,
    "name": "Nicaragua",
    "iso3": "NIC",
    "iso2": "NI",
    "phone_code": "+505",
    "capital": "Managua",
    "flag_url": null,
    "is_rtl": false,
    "currency_id": 99
  },
  {
    "id": 160,
    "name": "Niger",
    "iso3": "NER",
    "iso2": "NE",
    "phone_code": "+227",
    "capital": "Niamey",
    "flag_url": null,
    "is_rtl": false,
    "currency_id": 151
  },
  {
    "id": 161,
    "name": "Nigeria",
    "iso3": "NGA",
    "iso2": "NG",
    "phone_code": "+234",
    "capital": "Abuja",
    "flag_url": null,
    "is_rtl": false,
    "currency_id": 98
  },
  {
    "id": 162,
    "name": "Niue",
    "iso3": "NIU",
    "iso2": "NU",
    "phone_code": "+683",
    "capital": "Alofi",
    "flag_url": null,
    "is_rtl": false,
    "currency_id": 102
  },
  {
    "id": 163,
    "name": "Norfolk Island",
    "iso3": "NFK",
    "iso2": "NF",
    "phone_code": "+672",
    "capital": "Kingston",
    "flag_url": null,
    "is_rtl": false,
    "currency_id": 8
  },
  {
    "id": 164,
    "name": "North Macedonia",
    "iso3": "MKD",
    "iso2": "MK",
    "phone_code": "+389",
    "capital": "Skopje",
    "flag_url": null,
    "is_rtl": false,
    "currency_id": 86
  },
  {
    "id": 165,
    "name": "Northern Mariana Islands",
    "iso3": "MNP",
    "iso2": "MP",
    "phone_code": "+1-670",
    "capital": "Saipan",
    "flag_url": null,
    "is_rtl": false,
    "currency_id": 142
  },
  {
    "id": 166,
    "name": "Norway",
    "iso3": "NOR",
    "iso2": "NO",
    "phone_code": "+47",
    "capital": "Oslo",
    "flag_url": null,
    "is_rtl": false,
    "currency_id": 100
  },
  {
    "id": 167,
    "name": "Oman",
    "iso3": "OMN",
    "iso2": "OM",
    "phone_code": "+968",
    "capital": "Muscat",
    "flag_url": null,
    "is_rtl": true,
    "currency_id": 103
  },
  {
    "id": 168,
    "name": "Pakistan",
    "iso3": "PAK",
    "iso2": "PK",
    "phone_code": "+92",
    "capital": "Islamabad",
    "flag_url": null,
    "is_rtl": true,
    "currency_id": 108
  },
  {
    "id": 169,
    "name": "Palau",
    "iso3": "PLW",
    "iso2": "PW",
    "phone_code": "+680",
    "capital": "Ngerulmud",
    "flag_url": null,
    "is_rtl": false,
    "currency_id": 142
  },
  {
    "id": 170,
    "name": "Palestine",
    "iso3": "PSE",
    "iso2": "PS",
    "phone_code": "+970",
    "capital": "Ramallah",
    "flag_url": null,
    "is_rtl": true,
    "currency_id": 60
  },
  {
    "id": 171,
    "name": "Panama",
    "iso3": "PAN",
    "iso2": "PA",
    "phone_code": "+507",
    "capital": "Panama City",
    "flag_url": null,
    "is_rtl": false,
    "currency_id": 104
  },
  {
    "id": 172,
    "name": "Papua New Guinea",
    "iso3": "PNG",
    "iso2": "PG",
    "phone_code": "+675",
    "capital": "Port Moresby",
    "flag_url": null,
    "is_rtl": false,
    "currency_id": 106
  },
  {
    "id": 173,
    "name": "Paraguay",
    "iso3": "PRY",
    "iso2": "PY",
    "phone_code": "+595",
    "capital": "Asunción",
    "flag_url": null,
    "is_rtl": false,
    "currency_id": 110
  },
  {
    "id": 174,
    "name": "Peru",
    "iso3": "PER",
    "iso2": "PE",
    "phone_code": "+51",
    "capital": "Lima",
    "flag_url": null,
    "is_rtl": false,
    "currency_id": 105
  },
  {
    "id": 175,
    "name": "Philippines",
    "iso3": "PHL",
    "iso2": "PH",
    "phone_code": "+63",
    "capital": "Manila",
    "flag_url": null,
    "is_rtl": false,
    "currency_id": 107
  },
  {
    "id": 176,
    "name": "Pitcairn",
    "iso3": "PCN",
    "iso2": "PN",
    "phone_code": "+64",
    "capital": "Adamstown",
    "flag_url": null,
    "is_rtl": false,
    "currency_id": 102
  },
  {
    "id": 177,
    "name": "Poland",
    "iso3": "POL",
    "iso2": "PL",
    "phone_code": "+48",
    "capital": "Warsaw",
    "flag_url": null,
    "is_rtl": false,
    "currency_id": 109
  },
  {
    "id": 178,
    "name": "Portugal",
    "iso3": "PRT",
    "iso2": "PT",
    "phone_code": "+351",
    "capital": "Lisbon",
    "flag_url": null,
    "is_rtl": false,
    "currency_id": 43
  },
  {
    "id": 179,
    "name": "Puerto Rico",
    "iso3": "PRI",
    "iso2": "PR",
    "phone_code": "+1-787",
    "capital": "San Juan",
    "flag_url": null,
    "is_rtl": false,
    "currency_id": 142
  },
  {
    "id": 180,
    "name": "Qatar",
    "iso3": "QAT",
    "iso2": "QA",
    "phone_code": "+974",
    "capital": "Doha",
    "flag_url": null,
    "is_rtl": true,
    "currency_id": 111
  },
  {
    "id": 181,
    "name": "Romania",
    "iso3": "ROU",
    "iso2": "RO",
    "phone_code": "+40",
    "capital": "Bucharest",
    "flag_url": null,
    "is_rtl": false,
    "currency_id": 112
  },
  {
    "id": 182,
    "name": "Russia",
    "iso3": "RUS",
    "iso2": "RU",
    "phone_code": "+7",
    "capital": "Moscow",
    "flag_url": null,
    "is_rtl": false,
    "currency_id": 114
  },
  {
    "id": 183,
    "name": "Rwanda",
    "iso3": "RWA",
    "iso2": "RW",
    "phone_code": "+250",
    "capital": "Kigali",
    "flag_url": null,
    "is_rtl": false,
    "currency_id": 115
  },
  {
    "id": 184,
    "name": "Réunion",
    "iso3": "REU",
    "iso2": "RE",
    "phone_code": "+262",
    "capital": "Saint-Denis",
    "flag_url": null,
    "is_rtl": false,
    "currency_id": 43
  },
  {
    "id": 185,
    "name": "Saint Barthélemy",
    "iso3": "BLM",
    "iso2": "BL",
    "phone_code": "+590",
    "capital": "Gustavia",
    "flag_url": null,
    "is_rtl": false,
    "currency_id": 43
  },
  {
    "id": 186,
    "name": "Saint Helena",
    "iso3": "SHN",
    "iso2": "SH",
    "phone_code": "+290",
    "capital": "Jamestown",
    "flag_url": null,
    "is_rtl": false,
    "currency_id": 122
  },
  {
    "id": 187,
    "name": "Saint Kitts and Nevis",
    "iso3": "KNA",
    "iso2": "KN",
    "phone_code": "+1-869",
    "capital": "Basseterre",
    "flag_url": null,
    "is_rtl": false,
    "currency_id": 150
  },
  {
    "id": 188,
    "name": "Saint Lucia",
    "iso3": "LCA",
    "iso2": "LC",
    "phone_code": "+1-758",
    "capital": "Castries",
    "flag_url": null,
    "is_rtl": false,
    "currency_id": 150
  },
  {
    "id": 189,
    "name": "Saint Martin",
    "iso3": "MAF",
    "iso2": "MF",
    "phone_code": "+590",
    "capital": "Marigot",
    "flag_url": null,
    "is_rtl": false,
    "currency_id": 43
  },
  {
    "id": 190,
    "name": "Saint Pierre and Miquelon",
    "iso3": "SPM",
    "iso2": "PM",
    "phone_code": "+508",
    "capital": "Saint-Pierre",
    "flag_url": null,
    "is_rtl": false,
    "currency_id": 43
  },
  {
    "id": 191,
    "name": "Saint Vincent and the Grenadines",
    "iso3": "VCT",
    "iso2": "VC",
    "phone_code": "+1-784",
    "capital": "Kingstown",
    "flag_url": null,
    "is_rtl": false,
    "currency_id": 150
  },
  {
    "id": 192,
    "name": "Samoa",
    "iso3": "WSM",
    "iso2": "WS",
    "phone_code": "+685",
    "capital": "Apia",
    "flag_url": null,
    "is_rtl": false,
    "currency_id": 148
  },
  {
    "id": 193,
    "name": "San Marino",
    "iso3": "SMR",
    "iso2": "SM",
    "phone_code": "+378",
    "capital": "San Marino",
    "flag_url": null,
    "is_rtl": false,
    "currency_id": 43
  },
  {
    "id": 194,
    "name": "São Tomé and Príncipe",
    "iso3": "STP",
    "iso2": "ST",
    "phone_code": "+239",
    "capital": "São Tomé",
    "flag_url": null,
    "is_rtl": false,
    "currency_id": 127
  },
  {
    "id": 195,
    "name": "Saudi Arabia",
    "iso3": "SAU",
    "iso2": "SA",
    "phone_code": "+966",
    "capital": "Riyadh",
    "flag_url": null,
    "is_rtl": true,
    "currency_id": 116
  },
  {
    "id": 196,
    "name": "Senegal",
    "iso3": "SEN",
    "iso2": "SN",
    "phone_code": "+221",
    "capital": "Dakar",
    "flag_url": null,
    "is_rtl": false,
    "currency_id": 151
  },
  {
    "id": 197,
    "name": "Serbia",
    "iso3": "SRB",
    "iso2": "RS",
    "phone_code": "+381",
    "capital": "Belgrade",
    "flag_url": null,
    "is_rtl": false,
    "currency_id": 113
  },
  {
    "id": 198,
    "name": "Seychelles",
    "iso3": "SYC",
    "iso2": "SC",
    "phone_code": "+248",
    "capital": "Victoria",
    "flag_url": null,
    "is_rtl": false,
    "currency_id": 118
  },
  {
    "id": 199,
    "name": "Sierra Leone",
    "iso3": "SLE",
    "iso2": "SL",
    "phone_code": "+232",
    "capital": "Freetown",
    "flag_url": null,
    "is_rtl": false,
    "currency_id": 123
  },
  {
    "id": 200,
    "name": "Singapore",
    "iso3": "SGP",
    "iso2": "SG",
    "phone_code": "+65",
    "capital": "Singapore",
    "flag_url": null,
    "is_rtl": false,
    "currency_id": 121
  },
  {
    "id": 201,
    "name": "Sint Maarten",
    "iso3": "SXM",
    "iso2": "SX",
    "phone_code": "+1-721",
    "capital": "Philipsburg",
    "flag_url": null,
    "is_rtl": false,
    "currency_id": 5
  },
  {
    "id": 202,
    "name": "Slovakia",
    "iso3": "SVK",
    "iso2": "SK",
    "phone_code": "+421",
    "capital": "Bratislava",
    "flag_url": null,
    "is_rtl": false,
    "currency_id": 43
  },
  {
    "id": 203,
    "name": "Slovenia",
    "iso3": "SVN",
    "iso2": "SI",
    "phone_code": "+386",
    "capital": "Ljubljana",
    "flag_url": null,
    "is_rtl": false,
    "currency_id": 43
  },
  {
    "id": 204,
    "name": "Solomon Islands",
    "iso3": "SLB",
    "iso2": "SB",
    "phone_code": "+677",
    "capital": "Honiara",
    "flag_url": null,
    "is_rtl": false,
    "currency_id": 117
  },
  {
    "id": 205,
    "name": "Somalia",
    "iso3": "SOM",
    "iso2": "SO",
    "phone_code": "+252",
    "capital": "Mogadishu",
    "flag_url": null,
    "is_rtl": true,
    "currency_id": 124
  },
  {
    "id": 206,
    "name": "South Africa",
    "iso3": "ZAF",
    "iso2": "ZA",
    "phone_code": "+27",
    "capital": "Cape Town",
    "flag_url": null,
    "is_rtl": false,
    "currency_id": 154
  },
  {
    "id": 207,
    "name": "South Georgia and the South Sandwich Islands",
    "iso3": "SGS",
    "iso2": "GS",
    "phone_code": null,
    "capital": "King Edward Point",
    "flag_url": null,
    "is_rtl": false,
    "currency_id": 46
  },
  {
    "id": 208,
    "name": "South Sudan",
    "iso3": "SSD",
    "iso2": "SS",
    "phone_code": "+211",
    "capital": "Juba",
    "flag_url": null,
    "is_rtl": false,
    "currency_id": 126
  },
  {
    "id": 209,
    "name": "Spain",
    "iso3": "ESP",
    "iso2": "ES",
    "phone_code": "+34",
    "capital": "Madrid",
    "flag_url": null,
    "is_rtl": false,
    "currency_id": 43
  },
  {
    "id": 210,
    "name": "Sri Lanka",
    "iso3": "LKA",
    "iso2": "LK",
    "phone_code": "+94",
    "capital": "Sri Jayawardenepura Kotte",
    "flag_url": null,
    "is_rtl": false,
    "currency_id": 79
  },
  {
    "id": 211,
    "name": "Sudan",
    "iso3": "SDN",
    "iso2": "SD",
    "phone_code": "+249",
    "capital": "Khartoum",
    "flag_url": null,
    "is_rtl": true,
    "currency_id": 119
  },
  {
    "id": 212,
    "name": "Suriname",
    "iso3": "SUR",
    "iso2": "SR",
    "phone_code": "+597",
    "capital": "Paramaribo",
    "flag_url": null,
    "is_rtl": false,
    "currency_id": 125
  },
  {
    "id": 213,
    "name": "Svalbard and Jan Mayen",
    "iso3": "SJM",
    "iso2": "SJ",
    "phone_code": "+47",
    "capital": "Longyearbyen",
    "flag_url": null,
    "is_rtl": false,
    "currency_id": 100
  },
  {
    "id": 214,
    "name": "Sweden",
    "iso3": "SWE",
    "iso2": "SE",
    "phone_code": "+46",
    "capital": "Stockholm",
    "flag_url": null,
    "is_rtl": false,
    "currency_id": 120
  },
  {
    "id": 215,
    "name": "Switzerland",
    "iso3": "CHE",
    "iso2": "CH",
    "phone_code": "+41",
    "capital": "Bern",
    "flag_url": null,
    "is_rtl": false,
    "currency_id": 28
  },
  {
    "id": 216,
    "name": "Syria",
    "iso3": "SYR",
    "iso2": "SY",
    "phone_code": "+963",
    "capital": "Damascus",
    "flag_url": null,
    "is_rtl": true,
    "currency_id": 129
  },
  {
    "id": 217,
    "name": "Taiwan",
    "iso3": "TWN",
    "iso2": "TW",
    "phone_code": "+886",
    "capital": "Taipei",
    "flag_url": null,
    "is_rtl": false,
    "currency_id": 138
  },
  {
    "id": 218,
    "name": "Tajikistan",
    "iso3": "TJK",
    "iso2": "TJ",
    "phone_code": "+992",
    "capital": "Dushanbe",
    "flag_url": null,
    "is_rtl": false,
    "currency_id": 132
  },
  {
    "id": 219,
    "name": "Tanzania",
    "iso3": "TZA",
    "iso2": "TZ",
    "phone_code": "+255",
    "capital": "Dodoma",
    "flag_url": null,
    "is_rtl": false,
    "currency_id": 139
  },
  {
    "id": 220,
    "name": "Thailand",
    "iso3": "THA",
    "iso2": "TH",
    "phone_code": "+66",
    "capital": "Bangkok",
    "flag_url": null,
    "is_rtl": false,
    "currency_id": 131
  },
  {
    "id": 221,
    "name": "Timor-Leste",
    "iso3": "TLS",
    "iso2": "TL",
    "phone_code": "+670",
    "capital": "Dili",
    "flag_url": null,
    "is_rtl": false,
    "currency_id": 142
  },
  {
    "id": 222,
    "name": "Togo",
    "iso3": "TGO",
    "iso2": "TG",
    "phone_code": "+228",
    "capital": "Lomé",
    "flag_url": null,
    "is_rtl": false,
    "currency_id": 151
  },
  {
    "id": 223,
    "name": "Tokelau",
    "iso3": "TKL",
    "iso2": "TK",
    "phone_code": "+690",
    "capital": "Fakaofo",
    "flag_url": null,
    "is_rtl": false,
    "currency_id": 102
  },
  {
    "id": 224,
    "name": "Tonga",
    "iso3": "TON",
    "iso2": "TO",
    "phone_code": "+676",
    "capital": "Nuku'alofa",
    "flag_url": null,
    "is_rtl": false,
    "currency_id": 135
  },
  {
    "id": 225,
    "name": "Trinidad and Tobago",
    "iso3": "TTO",
    "iso2": "TT",
    "phone_code": "+1-868",
    "capital": "Port of Spain",
    "flag_url": null,
    "is_rtl": false,
    "currency_id": 137
  },
  {
    "id": 226,
    "name": "Tunisia",
    "iso3": "TUN",
    "iso2": "TN",
    "phone_code": "+216",
    "capital": "Tunis",
    "flag_url": null,
    "is_rtl": true,
    "currency_id": 134
  },
  {
    "id": 227,
    "name": "Turkey",
    "iso3": "TUR",
    "iso2": "TR",
    "phone_code": "+90",
    "capital": "Ankara",
    "flag_url": null,
    "is_rtl": false,
    "currency_id": 136
  },
  {
    "id": 228,
    "name": "Turkmenistan",
    "iso3": "TKM",
    "iso2": "TM",
    "phone_code": "+993",
    "capital": "Ashgabat",
    "flag_url": null,
    "is_rtl": false,
    "currency_id": 133
  },
  {
    "id": 229,
    "name": "Turks and Caicos Islands",
    "iso3": "TCA",
    "iso2": "TC",
    "phone_code": "+1-649",
    "capital": "Cockburn Town",
    "flag_url": null,
    "is_rtl": false,
    "currency_id": 142
  },
  {
    "id": 230,
    "name": "Tuvalu",
    "iso3": "TUV",
    "iso2": "TV",
    "phone_code": "+688",
    "capital": "Funafuti",
    "flag_url": null,
    "is_rtl": false,
    "currency_id": 8
  },
  {
    "id": 231,
    "name": "Uganda",
    "iso3": "UGA",
    "iso2": "UG",
    "phone_code": "+256",
    "capital": "Kampala",
    "flag_url": null,
    "is_rtl": false,
    "currency_id": 141
  },
  {
    "id": 232,
    "name": "Ukraine",
    "iso3": "UKR",
    "iso2": "UA",
    "phone_code": "+380",
    "capital": "Kiev",
    "flag_url": null,
    "is_rtl": false,
    "currency_id": 140
  },
  {
    "id": 233,
    "name": "United Arab Emirates",
    "iso3": "ARE",
    "iso2": "AE",
    "phone_code": "+971",
    "capital": "Abu Dhabi",
    "flag_url": null,
    "is_rtl": true,
    "currency_id": 1
  },
  {
    "id": 234,
    "name": "United Kingdom",
    "iso3": "GBR",
    "iso2": "GB",
    "phone_code": "+44",
    "capital": "London",
    "flag_url": null,
    "is_rtl": false,
    "currency_id": 46
  },
  {
    "id": 235,
    "name": "United States",
    "iso3": "USA",
    "iso2": "US",
    "phone_code": "+1",
    "capital": "Washington D.C.",
    "flag_url": null,
    "is_rtl": false,
    "currency_id": 142
  },
  {
    "id": 236,
    "name": "United States Minor Outlying Islands",
    "iso3": "UMI",
    "iso2": "UM",
    "phone_code": "+1",
    "capital": null,
    "flag_url": null,
    "is_rtl": false,
    "currency_id": 142
  },
  {
    "id": 237,
    "name": "Uruguay",
    "iso3": "URY",
    "iso2": "UY",
    "phone_code": "+598",
    "capital": "Montevideo",
    "flag_url": null,
    "is_rtl": false,
    "currency_id": 143
  },
  {
    "id": 238,
    "name": "Uzbekistan",
    "iso3": "UZB",
    "iso2": "UZ",
    "phone_code": "+998",
    "capital": "Tashkent",
    "flag_url": null,
    "is_rtl": false,
    "currency_id": 144
  },
  {
    "id": 239,
    "name": "Vanuatu",
    "iso3": "VUT",
    "iso2": "VU",
    "phone_code": "+678",
    "capital": "Port Vila",
    "flag_url": null,
    "is_rtl": false,
    "currency_id": 147
  },
  {
    "id": 240,
    "name": "Venezuela",
    "iso3": "VEN",
    "iso2": "VE",
    "phone_code": "+58",
    "capital": "Caracas",
    "flag_url": null,
    "is_rtl": false,
    "currency_id": 145
  },
  {
    "id": 241,
    "name": "Vietnam",
    "iso3": "VNM",
    "iso2": "VN",
    "phone_code": "+84",
    "capital": "Hanoi",
    "flag_url": null,
    "is_rtl": false,
    "currency_id": 146
  },
  {
    "id": 242,
    "name": "'Virgin Islands (British"
  },
  {
    "id": 243,
    "name": "'Virgin Islands (U.S."
  },
  {
    "id": 244,
    "name": "Wallis and Futuna",
    "iso3": "WLF",
    "iso2": "WF",
    "phone_code": "+681",
    "capital": "Mata-Utu",
    "flag_url": null,
    "is_rtl": false,
    "currency_id": 152
  },
  {
    "id": 245,
    "name": "Western Sahara",
    "iso3": "ESH",
    "iso2": "EH",
    "phone_code": "+212",
    "capital": "El Aaiún",
    "flag_url": null,
    "is_rtl": true,
    "currency_id": 83
  },
  {
    "id": 246,
    "name": "Yemen",
    "iso3": "YEM",
    "iso2": "YE",
    "phone_code": "+967",
    "capital": "Sana'a",
    "flag_url": null,
    "is_rtl": true,
    "currency_id": 153
  },
  {
    "id": 247,
    "name": "Zambia",
    "iso3": "ZMB",
    "iso2": "ZM",
    "phone_code": "+260",
    "capital": "Lusaka",
    "flag_url": null,
    "is_rtl": false,
    "currency_id": 155
  },
  {
    "id": 248,
    "name": "Zimbabwe",
    "iso3": "ZWE",
    "iso2": "ZW",
    "phone_code": "+263",
    "capital": "Harare",
    "flag_url": null,
    "is_rtl": false,
    "currency_id": 142
  }
]